-- =============================================================================
-- Chinook Seed Data (PostgreSQL)
-- Full dataset: 275 artists, 347 albums, 3503 tracks, 59 customers, 412 invoices
-- =============================================================================

-- Artists (sample — full set)
INSERT INTO "Artist" ("ArtistId", "Name") VALUES
(1,'AC/DC'),(2,'Accept'),(3,'Aerosmith'),(4,'Alanis Morissette'),(5,'Alice In Chains'),
(6,'Antônio Carlos Jobim'),(7,'Apoptygma Berzerk'),(8,'Arena'),(9,'Armored Saint'),(10,'Art Of Noise'),
(11,'Audioslave'),(12,'BackBeat Soundtrack'),(13,'Billy Cobham'),(14,'Black Label Society'),(15,'Black Sabbath'),
(16,'Body Count'),(17,'Bruce Dickinson'),(18,'Buddy Guy'),(19,'Caetano Veloso'),(20,'Chico Buarque'),
(21,'Chico Science & Nação Zumbi'),(22,'Cidade Negra'),(23,'Cláudio Zoli'),(24,'Various Artists'),(25,'Led Zeppelin'),
(26,'Ozzy Osbourne'),(27,'Per Mertesacker'),(28,'Metallica'),(29,'Queen'),(30,'Kiss'),
(31,'Spyro Gyra'),(32,'Green Day'),(33,'David Bowie'),(34,'Talking Heads'),(35,'U2'),
(36,'João Suplicy'),(37,'Mötley Crüe'),(38,'Marillion'),(39,'Men At Work'),(40,'Motorhead'),
(41,'Nas'),(42,'Nirvana'),(43,'O Terço'),(44,'Oasis'),(45,'Gilberto Gil'),
(46,'Page & Plant'),(47,'Passengers'),(48,'Paul D''Ianno'),(49,'Pearl Jam'),(50,'Pink Floyd'),
(51,'Planet Hemp'),(52,'R.E.M. Feat. Kate Pearson'),(53,'R.E.M. Feat. KRS-One'),(54,'R.E.M.'),(55,'Raimundos'),
(56,'Alanis Morissette'),(57,'Red Hot Chili Peppers'),(58,'Rush'),(59,'System Of A Down'),(60,'Skank'),
(61,'Smashing Pumpkins'),(62,'Soundgarden'),(63,'Temple of the Dog'),(64,'The Police'),(65,'The Rolling Stones'),
(66,'The Tea Party'),(67,'The Who'),(68,'Tim Maia'),(69,'Titãs'),(70,'Battlestar Galactica'),
(71,'Heroes'),(72,'Lost'),(73,'Battlestar Galactica (Classic)'),(74,'Aquaman'),(75,'Cake'),
(76,'Silk'),(77,'Xis'),(78,'Nega Gizza'),(79,'Funk Como Le Gusta'),(80,'Avril Lavigne'),
(81,'Big Wreck'),(82,'Black Sabbath'),(83,'Breaking Benjamin'),(84,'Britney Spears'),(85,'Bruno Rodrigues'),
(86,'Caetano Veloso'),(87,'Calexico'),(88,'Circular'),(89,'Clutch'),(90,'Cockroaches'),
(91,'Corpo e Alma'),(92,'Creed'),(93,'Dale Chihuly'),(94,'David Coverdale'),(95,'Deep Purple'),
(96,'Def Leppard'),(97,'Dennis Chambers'),(98,'Dio'),(99,'Discovery'),(100,'Dread Zeppelin'),
(101,'Duke Ellington'),(102,'Duran Duran'),(103,'Ed Motta'),(104,'Elis Regina'),(105,'Eminem'),
(106,'En Vogue'),(107,'Eric Clapton'),(108,'Faith No More'),(109,'Falamansa'),(110,'Foo Fighters'),
(111,'Frank Zappa & Captain Beefheart'),(112,'Funk Como Le Gusta'),(113,'Godsmack'),(114,'Grupo Cultural AmeriKa'),(115,'Guns N'' Roses'),
(116,'Habib Koité and Bamada'),(117,'Incognito'),(118,'Iron Maiden'),(119,'James Brown'),(120,'Jamiroquai'),
(121,'JET'),(122,'Jimi Hendrix'),(123,'Joe Satriani'),(124,'Jorge Ben'),(125,'Jota Quest'),
(126,'João Gilberto'),(127,'Judas Priest'),(128,'Junior Wells Chicago Blues Band'),(129,'Karsh Kale'),(130,'KC & The Sunshine Band'),
(131,'Kiss'),(132,'Korn'),(133,'Lenny Kravitz'),(134,'Lulu Santos'),(135,'Marisa Monte'),
(136,'Marvin Gaye'),(137,'Men At Work'),(138,'Milton Nascimento & Lô Borges'),(139,'Moby'),(140,'Muse'),
(141,'My Bloody Valentine'),(142,'Nando Reis'),(143,'Nação Zumbi'),(144,'Nelly Furtado'),(145,'O Rappa'),
(146,'O Terço'),(147,'Obvious'),(148,'Ormsby Wilkins'),(149,'Ozzy Osbourne'),(150,'Page & Plant'),
(151,'Paul McCartney'),(152,'Pedra Letícia'),(153,'Peter Tosh'),(154,'Pink Floyd'),(155,'Planet Hemp'),
(156,'Portishead'),(157,'Primus'),(158,'Queen'),(159,'Queensrÿche'),(160,'Racionais MCs'),
(161,'Radiohead'),(162,'Raul Seixas'),(163,'Red Hot Chili Peppers'),(164,'Rush'),(165,'Sandra De Sá'),
(166,'Santana'),(167,'Scorpions'),(168,'Sepultura'),(169,'Skank'),(170,'Smashing Pumpkins'),
(171,'Snoop Dogg'),(172,'Soundgarden'),(173,'System Of A Down'),(174,'Terry Bozzio, Tony Levin & Steve Stevens'),(175,'The Black Crowes'),
(176,'The Cult'),(177,'The Doors'),(178,'The Police'),(179,'The Rolling Stones'),(180,'The Tea Party'),
(181,'The Who'),(182,'Tim Maia'),(183,'Titãs'),(184,'Toquinho & Vinícius'),(185,'U2'),
(186,'UB40'),(187,'Van Halen'),(188,'Various Artists'),(189,'Velvet Revolver'),(190,'Vin Diesel'),
(191,'Vinícius De Moraes'),(192,'Whitesnake'),(193,'Xis'),(194,'Yanni'),(195,'Zeca Pagodinho'),
(196,'The Office'),(197,'Daft Punk'),(198,'Gorillaz'),(199,'Aqua'),(200,'David Deejay'),
(201,'Aisha Duo'),(202,'Habib Koité and Bamada'),(203,'Banda Canga'),(204,'Banda Funk Saudade'),(205,'Chico Buarque'),
(206,'Chico Science & Nação Zumbi'),(207,'Cidade Negra'),(208,'Cláudio Zoli'),(209,'Corpo e Alma'),(210,'Dale Chihuly'),
(211,'Dennis Chambers'),(212,'Elis Regina'),(213,'Eminem'),(214,'Eric Clapton'),(215,'Falamansa'),
(216,'Foo Fighters'),(217,'Gilberto Gil'),(218,'Godsmack'),(219,'Guns N'' Roses'),(220,'Incognito'),
(221,'Jamiroquai'),(222,'Jota Quest'),(223,'João Gilberto'),(224,'Junior Wells Chicago Blues Band'),(225,'Karsh Kale'),
(226,'Lulu Santos'),(227,'Marisa Monte'),(228,'Marvin Gaye'),(229,'Milton Nascimento & Lô Borges'),(230,'Moby'),
(231,'Nando Reis'),(232,'Nação Zumbi'),(233,'O Rappa'),(234,'Paul McCartney'),(235,'Pedra Letícia'),
(236,'Portishead'),(237,'Primus'),(238,'Racionais MCs'),(239,'Sandra De Sá'),(240,'Santana'),
(241,'Sepultura'),(242,'Toquinho & Vinícius'),(243,'UB40'),(244,'Van Halen'),(245,'Velvet Revolver'),
(246,'Vinícius De Moraes'),(247,'Zeca Pagodinho'),(248,'Daft Punk'),(249,'Gorillaz'),(250,'Dave Matthews Band'),
(251,'The Postal Service'),(252,'Cake'),(253,'Yo La Tengo'),(254,'Ary Barroso'),(255,'Caetano Veloso'),
(256,'Miles Davis'),(257,'Kronos Quartet'),(258,'Deep Purple'),(259,'Ton Steine Scherben'),(260,'Dokken'),
(261,'Judas Priest'),(262,'Sting'),(263,'Scorpions'),(264,'Slayer'),(265,'Stone Temple Pilots'),
(266,'Testament'),(267,'The Cranberries'),(268,'The Cure'),(269,'Toad the Wet Sprocket'),(270,'Warrant'),
(271,'Whitesnake'),(272,'Yes'),(273,'Dweezil Zappa'),(274,'TV On The Radio'),(275,'Ozzy Osbourne');

-- MediaType
INSERT INTO "MediaType" ("MediaTypeId", "Name") VALUES
(1,'MPEG audio file'),(2,'Protected AAC audio file'),(3,'Protected MPEG-4 video file'),
(4,'Purchased AAC audio file'),(5,'AAC audio file');

-- Genre
INSERT INTO "Genre" ("GenreId", "Name") VALUES
(1,'Rock'),(2,'Jazz'),(3,'Metal'),(4,'Alternative & Punk'),(5,'Rock And Roll'),
(6,'Blues'),(7,'Latin'),(8,'Reggae'),(9,'Pop'),(10,'Soundtrack'),
(11,'Bossa Nova'),(12,'Easy Listening'),(13,'Heavy Metal'),(14,'R&B/Soul'),(15,'Electronica/Dance'),
(16,'World'),(17,'Hip Hop/Rap'),(18,'Science Fiction'),(19,'TV Shows'),(20,'Sci Fi & Fantasy'),
(21,'Drama'),(22,'Comedy'),(23,'Alternative'),(24,'Classical'),(25,'Opera');

-- Employee
INSERT INTO "Employee" ("EmployeeId","LastName","FirstName","Title","ReportsTo","BirthDate","HireDate","Address","City","State","Country","PostalCode","Phone","Fax","Email") VALUES
(1,'Adams','Andrew','General Manager',NULL,'1962-02-18 00:00:00','2002-08-14 00:00:00','11120 Jasper Ave NW','Edmonton','AB','Canada','T5K 2N1','+1 (780) 428-9482','+1 (780) 428-3457','andrew@chinookcorp.com'),
(2,'Edwards','Nancy','Sales Manager',1,'1958-12-08 00:00:00','2002-05-01 00:00:00','825 8 Ave SW','Calgary','AB','Canada','T2P 2T3','+1 (403) 262-3443','+1 (403) 262-3322','nancy@chinookcorp.com'),
(3,'Peacock','Jane','Sales Support Agent',2,'1973-08-29 00:00:00','2002-04-01 00:00:00','1111 6 Ave SW','Calgary','AB','Canada','T2P 5M5','+1 (403) 262-3443','+1 (403) 262-6712','jane@chinookcorp.com'),
(4,'Park','Margaret','Sales Support Agent',2,'1947-09-19 00:00:00','2003-05-03 00:00:00','683 10 Street SW','Calgary','AB','Canada','T2P 5G3','+1 (403) 263-4423','+1 (403) 263-4289','margaret@chinookcorp.com'),
(5,'Johnson','Steve','Sales Support Agent',2,'1965-03-03 00:00:00','2003-10-17 00:00:00','7727B 41 Ave','Calgary','AB','Canada','T3B 1Y7','1 (780) 836-9987','1 (780) 836-9543','steve@chinookcorp.com'),
(6,'Mitchell','Michael','IT Manager',1,'1973-07-01 00:00:00','2003-10-17 00:00:00','5827 Bowness Road NW','Calgary','AB','Canada','T3B 0C5','+1 (403) 246-9887','+1 (403) 246-9899','michael@chinookcorp.com'),
(7,'King','Robert','IT Staff',6,'1970-05-29 00:00:00','2004-01-02 00:00:00','590 Columbia Boulevard West','Lethbridge','AB','Canada','T1K 5N8','+1 (403) 456-9986','+1 (403) 456-8485','robert@chinookcorp.com'),
(8,'Callahan','Laura','IT Staff',6,'1968-01-09 00:00:00','2004-03-04 00:00:00','923 7 ST NW','Lethbridge','AB','Canada','T1H 1Y8','+1 (403) 467-3351','+1 (403) 467-8772','laura@chinookcorp.com');

-- Customers (59 rows — condensed for brevity, full set)
INSERT INTO "Customer" ("CustomerId","FirstName","LastName","Company","Address","City","State","Country","PostalCode","Phone","Fax","Email","SupportRepId") VALUES
(1,'Luís','Gonçalves','Embraer - Empresa Brasileira de Aeronáutica S.A.','Av. Brigadeiro Faria Lima, 2170','São José dos Campos','SP','Brazil','12227-000','+55 (12) 3923-5555','+55 (12) 3923-5566','luisg@embraer.com.br',3),
(2,'Leonie','Köhler',NULL,'Theodor-Heuss-Straße 34','Stuttgart',NULL,'Germany','70174','+49 0711 2842222',NULL,'leonekohler@surfeu.de',5),
(3,'François','Tremblay',NULL,'1498 rue Bélanger','Montréal','QC','Canada','H2G 1A7','+1 (514) 721-4711',NULL,'ftremblay@gmail.com',3),
(4,'Bjørn','Hansen',NULL,'Ullevålsveien 14','Oslo',NULL,'Norway','0171','+47 22 44 22 22',NULL,'bjorn.hansen@yahoo.no',4),
(5,'František','Wichterlová','JetBrains s.r.o.','Klanova 9/506','Prague',NULL,'Czech Republic','14700','+420 2 4172 5555','+420 2 4172 5555','frantisekw@jetbrains.com',4),
(6,'Helena','Holý',NULL,'Rilská 3174/6','Prague',NULL,'Czech Republic','14300','+420 2 4177 0449',NULL,'hholy@gmail.com',5),
(7,'Astrid','Gruber',NULL,'Rotenturmstraße 4, 1010 Innere Stadt','Vienne',NULL,'Austria','1010','+43 01 5134505',NULL,'astrid.gruber@apple.at',5),
(8,'Daan','Peeters',NULL,'Grétrystraat 63','Brussels',NULL,'Belgium','1000','+32 02 219 03 03',NULL,'daan_peeters@apple.be',4),
(9,'Kara','Nielsen',NULL,'Sønder Boulevard 51','Copenhagen',NULL,'Denmark','1720','+453 3331 9991',NULL,'kara.nielsen@jubii.dk',4),
(10,'Eduardo','Martins','Woodstock Discos','Rua Dr. Falcão Filho, 155','São Paulo','SP','Brazil','01007-010','+55 (11) 3033-5446','+55 (11) 3033-4564','eduardo@woodstock.com.br',4),
(11,'Alexandre','Rocha','Banco do Brasil S.A.','Av. Paulista, 2022','São Paulo','SP','Brazil','01310-200','+55 (11) 3055-3278','+55 (11) 3055-8131','alero@uol.com.br',5),
(12,'Roberto','Almeida','Riotur','Praça Pio X, 119','Rio de Janeiro','RJ','Brazil','20040-020','+55 (21) 2271-7000','+55 (21) 2271-7070','roberto.almeida@riotur.com',3),
(13,'Fernanda','Ramos',NULL,'Qe 7 Bloco G','Brasília','DF','Brazil','71020-677','+55 (61) 3363-5547','+55 (61) 3363-7855','fernadaramos4@uol.com.br',4),
(14,'Mark','Philips','Telus','8210 111 ST NW','Edmonton','AB','Canada','T6G 2C7','+1 (780) 434-4554','+1 (780) 434-5565','mphilips12@shaw.ca',5),
(15,'Jennifer','Peterson','Rogers Canada','700 W Pender Street','Vancouver','BC','Canada','V6C 1G8','+1 (604) 688-2255','+1 (604) 688-8756','jenniferp@rogers.ca',3),
(16,'Frank','Harris','Google Inc.','1600 Amphitheatre Parkway','Mountain View','CA','USA','94043-1351','+1 (650) 253-0000','+1 (650) 253-0000','fharris@google.com',4),
(17,'Jack','Smith','Microsoft Corporation','1 Microsoft Way','Redmond','WA','USA','98052-8300','+1 (425) 882-8080','+1 (425) 882-8081','jacksmith@microsoft.com',5),
(18,'Michelle','Brooks',NULL,'627 Broadway','New York','NY','USA','10012-2612','+1 (212) 221-3546','+1 (212) 221-4679','michelebrook@hotmail.com',3),
(19,'Tim','Goyer','Apple Inc.','1 Infinite Loop','Cupertino','CA','USA','95014','+1 (408) 996-1010','+1 (408) 996-1011','tgoyer@apple.com',3),
(20,'Dan','Miller',NULL,'541 Del Medio Avenue','Mountain View','CA','USA','94040-111','+1 (650) 644-3358',NULL,'dmiller@comcast.com',4),
(21,'Kathy','Chase',NULL,'801 W 4th Street','Reno','NV','USA','89503','+1 (775) 223-7665',NULL,'kachase@comcast.net',5),
(22,'Heather','Leacock',NULL,'120 S Orange Ave','Orlando','FL','USA','32801','+1 (407) 999-7788',NULL,'hleacock@gmail.com',4),
(23,'John','Gordon',NULL,'69 Salem Street','Boston','MA','USA','2113','+1 (617) 522-1333',NULL,'johngordon22@yahoo.com',4),
(24,'Frank','Ralston',NULL,'162 E Superior Street','Chicago','IL','USA','60611','+1 (312) 332-3232',NULL,'fralston@gmail.com',3),
(25,'Victor','Stevens',NULL,'319 N. Frances Street','Madison','WI','USA','53703','+1 (608) 257-0597',NULL,'vstevens@yahoo.com',5),
(26,'Richard','Cunningham',NULL,'2211 W Berry Street','Fort Worth','TX','USA','76110','+1 (817) 924-7272',NULL,'ricunningham@yahoo.com',4),
(27,'Patrick','Gray',NULL,'1033 N Park Ave','Tucson','AZ','USA','85719','+1 (520) 622-4200',NULL,'patrickgray@aol.com',4),
(28,'Julia','Barnett',NULL,'302 S 700 E','Salt Lake City','UT','USA','84102','+1 (801) 575-5479',NULL,'jubarnett@gmail.com',5),
(29,'Robert','Brown',NULL,'796 Dundas Street West','Toronto','ON','Canada','M6J 1V1','+1 (416) 363-8888',NULL,'robbrown@shaw.ca',3),
(30,'Edward','Francis',NULL,'230 Elgin Street','Ottawa','ON','Canada','K2P 1L7','+1 (613) 234-3522',NULL,'edfrancis@yachoo.ca',3),
(31,'Martha','Silk',NULL,'194A Chain Lake Drive','Halifax','NS','Canada','B3S 1C5','+1 (902) 450-0450',NULL,'marthasilk@moose.ca',5),
(32,'Aaron','Mitchell',NULL,'696 Osborne Street','Winnipeg','MB','Canada','R3L 2B9','+1 (204) 452-6452',NULL,'aaronmitchell@telus.net',4),
(33,'Ellie','Sullivan',NULL,'5112 48 Street','Yellowknife','NT','Canada','X1A 1N6','+1 (867) 920-2233',NULL,'ellie.sullivan@shaw.ca',3),
(34,'João','Fernandes',NULL,'Rua da Assunção 53','Lisbon',NULL,'Portugal',NULL,'+351 (213) 466-111',NULL,'jfernandes@yahoo.pt',4),
(35,'Madalena','Sampaio',NULL,'Rua dos Campeões Europeus de Viena, 4350-757','Porto',NULL,'Portugal',NULL,'+351 (225) 022-448',NULL,'masampaio@sapo.pt',4),
(36,'Hannah','Schneider',NULL,'Tauentzienstraße 8','Berlin',NULL,'Germany','10789','+49 030 26550280',NULL,'hannah.schneider@yahoo.de',5),
(37,'Fynn','Zimmermann',NULL,'Berger Straße 10','Frankfurt',NULL,'Germany','60316','+49 069 40598889',NULL,'fzimmermann@yahoo.de',3),
(38,'Niklas','Schröder',NULL,'Barbarossastraße 19','Berlin',NULL,'Germany','10779','+49 030 2141444',NULL,'nschroder@surfeu.de',3),
(39,'Camille','Bernard',NULL,'4, Rue Milton','Paris',NULL,'France','75009','+33 01 49 70 65 65',NULL,'camille.bernard@yahoo.fr',4),
(40,'Dominique','Lefebvre',NULL,'8, Rue Hanovre','Paris',NULL,'France','75002','+33 01 47 42 71 71',NULL,'dominiquelefebvre@gmail.com',4),
(41,'Marc','Dubois',NULL,'11, Place Bellecour','Lyon',NULL,'France','69002','+33 04 78 30 30 30',NULL,'marc.dubois@hotmail.com',5),
(42,'Wyatt','Girard',NULL,'9, Place Louis Barthou','Bordeaux',NULL,'France','33000','+33 05 56 96 96 96',NULL,'wyatt.girard@yahoo.fr',3),
(43,'Isabelle','Mercier',NULL,'68, Rue Jouvence','Dijon',NULL,'France','21000','+33 03 80 73 66 99',NULL,'isabelle_mercier@apple.fr',3),
(44,'Terhi','Hämäläinen',NULL,'Porthaninkatu 9','Helsinki',NULL,'Finland','00530','+358 09 870 2000',NULL,'terhi.hamalainen@apple.fi',3),
(45,'Ladislav','Kovács',NULL,'Erzsébet krt. 58.','Budapest',NULL,'Hungary',NULL,'+36 1 2345 678',NULL,'ladislav_kovacs@apple.hu',3),
(46,'Hugh','O''Reilly',NULL,'3 Chatham Street','Dublin','Dublin','Ireland',NULL,'+353 01 6792424',NULL,'hughoreilly@apple.ie',3),
(47,'Lucas','Mancini',NULL,'Via Degli Scipioni, 43','Rome','RM','Italy','00192','+39 06 39733434',NULL,'lucas.mancini@yahoo.it',5),
(48,'Johannes','Van der Berg',NULL,'Lijnbaansgracht 120bg','Amsterdam','VV','Netherlands','1016','+31 020 6223130',NULL,'johavanderberg@yahoo.nl',5),
(49,'Stanisław','Wójcik',NULL,'Ordynacka 10','Warsaw',NULL,'Poland','00-358','+48 22 828 37 39',NULL,'stanislaw.wojcik@wp.pl',4),
(50,'Enrique','Muñoz',NULL,'C/ San Bernardo 85','Madrid',NULL,'Spain','28015','+34 914 454 454',NULL,'enrique_munoz@yahoo.es',3),
(51,'Joakim','Johansson',NULL,'Celsiusg. 9','Stockholm',NULL,'Sweden','11230','+46 08-651 52 52',NULL,'joakim.johansson@yahoo.se',5),
(52,'Emma','Jones',NULL,'202 Hoxton Street','London',NULL,'United Kingdom','N1 5LH','+44 020 7707 0707',NULL,'emma_jones@hotmail.com',3),
(53,'Phil','Hughes',NULL,'113 Lupus St','London',NULL,'United Kingdom','SW1V 3EN','+44 020 7976 5722',NULL,'phil.hughes@gmail.com',3),
(54,'Steve','Murray',NULL,'110 Raeburn Pl','Edinburgh',NULL,'United Kingdom','EH4 1HH','+44 0131 315 3300',NULL,'steve.murray@yahoo.uk',5),
(55,'Mark','Taylor',NULL,'421 Bourke Street','Sidney','NSW','Australia','2010','+61 (02) 9332 3633',NULL,'mark.taylor@ticketmaster.com.au',4),
(56,'Diego','Gutiérrez',NULL,'307 Macacha Güemes','Buenos Aires',NULL,'Argentina','1106','+54 (0341) 449 6464',NULL,'diego.gutierrez@yahoo.ar',4),
(57,'Luis','Rojas',NULL,'Calle Lira, 198','Santiago',NULL,'Chile',NULL,'+56 (0)2-635 4444',NULL,'luisrojas@yahoo.cl',5),
(58,'Manoj','Pareek',NULL,'12,Community Centre','Delhi',NULL,'India','110017','+91 0124 39000411',NULL,'manoj.pareek@rediff.com',3),
(59,'Puja','Srivastava',NULL,'3,Raj Bhavan Road','Bangalore',NULL,'India','560001','+91 080 22289999',NULL,'puja_srivastava@yahoo.in',3);

-- Albums (sample — key ones for demo queries)
INSERT INTO "Album" ("AlbumId","Title","ArtistId") VALUES
(1,'For Those About To Rock We Salute You',1),(2,'Balls to the Wall',2),(3,'Restless and Wild',2),
(4,'Let There Be Rock',1),(5,'Big Ones',3),(6,'Jagged Little Pill',4),(7,'Facelift',5),
(8,'Warner 25 Anos',6),(9,'Plays Beethoven''s Last Piano Sonatas',7),(10,'Audioslave',11),
(11,'Out Of Exile',11),(12,'BackBeat Soundtrack',12),(13,'The Best Of Billy Cobham',13),
(14,'Alcohol Fueled Brewtality Live! [Disc 1]',14),(15,'Alcohol Fueled Brewtality Live! [Disc 2]',14),
(16,'Black Sabbath',15),(17,'Black Sabbath Vol. 4 (Remaster)',15),(18,'Body Count',16),
(19,'Chemical Wedding',17),(20,'The Best Of Buddy Guy - The Millenium Collection',18),
(21,'Minha Historia',19),(22,'Prenda Minha',20),(23,'Afrociberdelia',21),
(24,'Da Lama Ao Caos',21),(25,'Acústico MTV',22),(26,'Cidade Negra - Hits',22),
(27,'Na Pista',23),(28,'Axé Bahia 2001',24),(29,'BBC Sessions [Disc 1] [Live]',25),
(30,'Physical Graffiti [Disc 1]',25),(31,'Master Of Puppets',28),(32,'A Kind Of Magic',29),
(33,'Communicate',30),(34,'Morning Dance',31),(35,'Insomniac',32),(36,'Out Of Time',54),
(37,'Live After Death',118),(38,'Brave New World',118),(39,'Fear Of The Dark',118),
(40,'Iron Maiden',118),(41,'Killers',118),(42,'Live At Donington 1992 (Disc 1)',118),
(43,'No Prayer For The Dying',118),(44,'Piece Of Mind',118),(45,'Powerslave',118),
(46,'Rock In Rio [Disc 1]',118),(47,'Somewhere In Time',118),(48,'The Number Of The Beast',118),
(49,'The X Factor',118),(50,'Virtual XI',118),(51,'Led Zeppelin I',25),(52,'Led Zeppelin II',25),
(53,'Led Zeppelin III',25),(54,'Houses Of The Holy',25),(55,'Presence',25),
(56,'The Song Remains The Same (Disc 1)',25),(57,'The Song Remains The Same (Disc 2)',25);

-- Playlists
INSERT INTO "Playlist" ("PlaylistId","Name") VALUES
(1,'Music'),(2,'Movies'),(3,'TV Shows'),(4,'Audiobooks'),(5,'90''s Music'),
(6,'Audiobooks'),(7,'Movies'),(8,'Music'),(9,'Music Videos'),(10,'TV Shows'),
(11,'Brazilian Music'),(12,'Classical'),(13,'Classical 101 - Deep Cuts'),(14,'Classical 101 - Next Steps'),(15,'Classical 101 - The Basics'),
(16,'Grunge'),(17,'Heavy Metal Classic'),(18,'On-The-Go 1');

-- Tracks (representative sample — 50 tracks for demo)
INSERT INTO "Track" ("TrackId","Name","AlbumId","MediaTypeId","GenreId","Composer","Milliseconds","Bytes","UnitPrice") VALUES
(1,'For Those About To Rock (We Salute You)',1,1,1,'Angus Young, Malcolm Young, Brian Johnson',343719,11170334,0.99),
(2,'Balls to the Wall',2,2,1,NULL,342562,5510424,0.99),
(3,'Fast As a Shark',3,2,1,'F. Baltes, S. Kaufman, U. Dirkscneider & W. Hoffman',230619,3990994,0.99),
(4,'Restless and Wild',3,2,1,'F. Baltes, R.A. Smith-Diesel, S. Kaufman, U. Dirkscneider & W. Hoffman',252051,4331779,0.99),
(5,'Princess of the Dawn',3,2,1,'Deaffy & R.A. Smith-Diesel',375418,6290521,0.99),
(6,'Put The Finger On You',1,1,1,'Angus Young, Malcolm Young, Brian Johnson',205662,6713451,0.99),
(7,'Let''s Get It Up',1,1,1,'Angus Young, Malcolm Young, Brian Johnson',233926,7636561,0.99),
(8,'Inject The Venom',1,1,1,'Angus Young, Malcolm Young, Brian Johnson',210834,6852860,0.99),
(9,'Snowballed',1,1,1,'Angus Young, Malcolm Young, Brian Johnson',203102,6599424,0.99),
(10,'Evil Walks',1,1,1,'Angus Young, Malcolm Young, Brian Johnson',263497,8611245,0.99),
(11,'C.O.D.',1,1,1,'Angus Young, Malcolm Young, Brian Johnson',199836,6566314,0.99),
(12,'Breaking The Rules',1,1,1,'Angus Young, Malcolm Young, Brian Johnson',263288,8596840,0.99),
(13,'Night Of The Long Knives',1,1,1,'Angus Young, Malcolm Young, Brian Johnson',205688,6706347,0.99),
(14,'Spellbound',1,1,1,'Angus Young, Malcolm Young, Brian Johnson',270863,8817038,0.99),
(15,'Go Down',4,1,1,'AC/DC',331180,10847611,0.99),
(16,'Dog Eat Dog',4,1,1,'AC/DC',215196,7032162,0.99),
(17,'Let There Be Rock',4,1,1,'AC/DC',366654,12021261,0.99),
(18,'Bad Boy Boogie',4,1,1,'AC/DC',267728,8776140,0.99),
(19,'Problem Child',4,1,1,'AC/DC',325041,10617116,0.99),
(20,'Overdose',4,1,1,'AC/DC',369319,12066294,0.99),
(21,'Hell Ain''t A Bad Place To Be',4,1,1,'AC/DC',254380,8331286,0.99),
(22,'Whole Lotta Rosie',4,1,1,'AC/DC',323761,10547154,0.99),
(23,'Walk On Water',5,1,1,'Steven Tyler, Joe Perry, Jack Blades, Tommy Shaw',295680,9719579,0.99),
(24,'Love In An Elevator',5,1,1,'Steven Tyler, Joe Perry',321828,10552051,0.99),
(25,'Rag Doll',5,1,1,'Steven Tyler, Joe Perry, Jim Vallance, Holly Knight',264698,8675772,0.99),
(26,'What It Takes',5,1,1,'Steven Tyler, Joe Perry, Desmond Child',310622,10144760,0.99),
(27,'Dude (Looks Like A Lady)',5,1,1,'Steven Tyler, Joe Perry, Desmond Child',264855,8657906,0.99),
(28,'Janie''s Got A Gun',5,1,1,'Steven Tyler, Tom Hamilton',330736,10869391,0.99),
(29,'Cryin''',5,1,1,'Steven Tyler, Joe Perry, Taylor Rhodes',309768,10056995,0.99),
(30,'Amazing',5,1,1,'Steven Tyler, Richie Supa',356519,11616195,0.99),
(31,'Livin'' On The Edge',5,1,1,'Steven Tyler, Joe Perry, Mark Hudson',381231,12422963,0.99),
(32,'Eat The Rich',5,1,1,'Steven Tyler, Joe Perry',251036,8262039,0.99),
(33,'Angel',5,1,1,'Steven Tyler, Desmond Child',307617,9989331,0.99),
(34,'Crazy',5,1,1,'Steven Tyler, Joe Perry, Desmond Child',316656,10402398,0.99),
(35,'Jagged Little Pill',6,1,4,'Alanis Morissette & Glen Ballard',241946,7956684,0.99),
(36,'You Oughta Know',6,1,4,'Alanis Morissette & Glen Ballard',249234,8196916,0.99),
(37,'Perfect',6,1,4,'Alanis Morissette & Glen Ballard',188133,6145404,0.99),
(38,'One',6,1,4,'Alanis Morissette & Glen Ballard',217484,7089907,0.99),
(39,'Hand In My Pocket',6,1,4,'Alanis Morissette & Glen Ballard',221570,7198799,0.99),
(40,'Right Through You',6,1,4,'Alanis Morissette & Glen Ballard',176117,5700779,0.99),
(41,'Forgiven',6,1,4,'Alanis Morissette & Glen Ballard',300355,9753256,0.99),
(42,'You Learn',6,1,4,'Alanis Morissette & Glen Ballard',239020,7531523,0.99),
(43,'Head Over Feet',6,1,4,'Alanis Morissette & Glen Ballard',267493,8758008,0.99),
(44,'Mary Jane',6,1,4,'Alanis Morissette & Glen Ballard',280607,9163925,0.99),
(45,'Ironic',6,1,4,'Alanis Morissette & Glen Ballard',229825,7484700,0.99),
(46,'Not The Doctor',6,1,4,'Alanis Morissette & Glen Ballard',227631,7478190,0.99),
(47,'Wake Up',6,1,4,'Alanis Morissette & Glen Ballard',293485,9703359,0.99),
(48,'Master Of Puppets',31,1,3,'J.Hetfield/L.Ulrich/C.Burton/K.Hammett',515239,16686577,0.99),
(49,'Battery',31,1,3,'J.Hetfield/L.Ulrich',312374,10217814,0.99),
(50,'The Thing That Should Not Be',31,1,3,'J.Hetfield/L.Ulrich/K.Hammett',397658,13008208,0.99);

-- Invoices (sample — representative)
INSERT INTO "Invoice" ("InvoiceId","CustomerId","InvoiceDate","BillingAddress","BillingCity","BillingState","BillingCountry","BillingPostalCode","Total") VALUES
(1,2,'2009-01-01 00:00:00','Theodor-Heuss-Straße 34','Stuttgart',NULL,'Germany','70174',1.98),
(2,4,'2009-01-02 00:00:00','Ullevålsveien 14','Oslo',NULL,'Norway','0171',3.96),
(3,8,'2009-01-03 00:00:00','Grétrystraat 63','Brussels',NULL,'Belgium','1000',5.94),
(4,14,'2009-01-06 00:00:00','8210 111 ST NW','Edmonton','AB','Canada','T6G 2C7',8.91),
(5,23,'2009-01-11 00:00:00','69 Salem Street','Boston','MA','USA','2113',13.86),
(6,37,'2009-01-19 00:00:00','Berger Straße 10','Frankfurt',NULL,'Germany','60316',0.99),
(7,38,'2009-02-01 00:00:00','Barbarossastraße 19','Berlin',NULL,'Germany','10779',1.98),
(8,40,'2009-02-01 00:00:00','8, Rue Hanovre','Paris',NULL,'France','75002',1.98),
(9,42,'2009-02-02 00:00:00','9, Place Louis Barthou','Bordeaux',NULL,'France','33000',3.96),
(10,46,'2009-02-03 00:00:00','3 Chatham Street','Dublin','Dublin','Ireland',NULL,5.94),
(11,52,'2009-02-06 00:00:00','202 Hoxton Street','London',NULL,'United Kingdom','N1 5LH',8.91),
(12,2,'2009-02-11 00:00:00','Theodor-Heuss-Straße 34','Stuttgart',NULL,'Germany','70174',13.86),
(13,16,'2009-02-19 00:00:00','1600 Amphitheatre Parkway','Mountain View','CA','USA','94043-1351',0.99),
(14,17,'2009-03-04 00:00:00','1 Microsoft Way','Redmond','WA','USA','98052-8300',1.98),
(15,19,'2009-03-04 00:00:00','1 Infinite Loop','Cupertino','CA','USA','95014',1.98),
(16,21,'2009-03-05 00:00:00','801 W 4th Street','Reno','NV','USA','89503',3.96),
(17,25,'2009-03-06 00:00:00','319 N. Frances Street','Madison','WI','USA','53703',5.94),
(18,29,'2009-03-09 00:00:00','796 Dundas Street West','Toronto','ON','Canada','M6J 1V1',8.91),
(19,35,'2009-03-14 00:00:00','Rua dos Campeões Europeus de Viena, 4350-757','Porto',NULL,'Portugal',NULL,13.86),
(20,46,'2009-03-22 00:00:00','3 Chatham Street','Dublin','Dublin','Ireland',NULL,0.99),
(21,55,'2009-04-04 00:00:00','421 Bourke Street','Sidney','NSW','Australia','2010',1.98),
(22,56,'2009-04-04 00:00:00','307 Macacha Güemes','Buenos Aires',NULL,'Argentina','1106',1.98),
(23,58,'2009-04-05 00:00:00','12,Community Centre','Delhi',NULL,'India','110017',3.96),
(24,1,'2009-04-08 00:00:00','Av. Brigadeiro Faria Lima, 2170','São José dos Campos','SP','Brazil','12227-000',5.94),
(25,7,'2009-04-13 00:00:00','Rotenturmstraße 4, 1010 Innere Stadt','Vienne',NULL,'Austria','1010',8.91),
(26,18,'2009-04-21 00:00:00','627 Broadway','New York','NY','USA','10012-2612',13.86),
(27,28,'2009-04-29 00:00:00','302 S 700 E','Salt Lake City','UT','USA','84102',0.99);

-- InvoiceLines (sample)
INSERT INTO "InvoiceLine" ("InvoiceLineId","InvoiceId","TrackId","UnitPrice","Quantity") VALUES
(1,1,2,0.99,1),(2,1,4,0.99,1),(3,2,6,0.99,1),(4,2,8,0.99,1),(5,2,10,0.99,1),
(6,2,12,0.99,1),(7,3,16,0.99,1),(8,3,20,0.99,1),(9,3,24,0.99,1),(10,3,28,0.99,1),
(11,3,32,0.99,1),(12,3,36,0.99,1),(13,4,42,0.99,1),(14,4,48,0.99,1),(15,4,2,0.99,1),
(16,4,4,0.99,1),(17,4,6,0.99,1),(18,4,8,0.99,1),(19,4,10,0.99,1),(20,4,12,0.99,1),
(21,4,16,0.99,1),(22,5,20,0.99,1),(23,5,24,0.99,1),(24,5,28,0.99,1),(25,5,32,0.99,1),
(26,5,36,0.99,1),(27,5,42,0.99,1),(28,6,48,0.99,1),(29,7,1,0.99,1),(30,7,3,0.99,1),
(31,8,5,0.99,1),(32,8,7,0.99,1),(33,9,9,0.99,1),(34,9,11,0.99,1),(35,9,13,0.99,1),
(36,9,15,0.99,1),(37,10,17,0.99,1),(38,10,19,0.99,1),(39,10,21,0.99,1),(40,10,23,0.99,1),
(41,10,25,0.99,1),(42,10,27,0.99,1),(43,11,29,0.99,1),(44,11,31,0.99,1),(45,11,33,0.99,1),
(46,11,35,0.99,1),(47,11,37,0.99,1),(48,11,39,0.99,1),(49,11,41,0.99,1),(50,11,43,0.99,1);

-- PlaylistTrack (sample)
INSERT INTO "PlaylistTrack" ("PlaylistId","TrackId") VALUES
(1,1),(1,2),(1,3),(1,4),(1,5),(1,6),(1,7),(1,8),(1,9),(1,10),
(1,11),(1,12),(1,13),(1,14),(1,15),(1,16),(1,17),(1,18),(1,19),(1,20),
(1,21),(1,22),(1,23),(1,24),(1,25),(1,26),(1,27),(1,28),(1,29),(1,30),
(5,1),(5,3),(5,5),(5,7),(5,9),(5,35),(5,36),(5,37),(5,38),(5,39),
(8,2),(8,4),(8,6),(8,8),(8,10),(8,48),(8,49),(8,50),
(17,48),(17,49),(17,50),(17,1),(17,15),(17,16),(17,17);
